Company Name,Website
EXL,https://www.exlservice.com/
CAL Business Solutions,https://www.calszone.com/
Interxion,https://www.interxion.com/
DATASHIELD,https://www.datashieldprotect.com/
"System Solutions, Inc",https://www.ssiop.com/
CoreLogic Realquest,https://www.corelogic.com/
"Liquid Web, Inc.",https://www.liquidweb.com/
"Infogix, Inc.",https://www.infogix.com/
Alteryx,https://www.alteryx.com/
Accordant Health Services (CVS Health),https://www.accordant.com/Apps/WebObjects/Accordant.woa
"Fragomen, Del Rey, Bernsen and Loewy, LLP",https://www.fragomen.com/
Delta Dental of Washington,https://www.deltadentalwa.com/
KPMG  LLP   EVN,https://home.kpmg/ca/en/home.html
Laser App Software Inc.,http://www.laserapp.com/
Atos China,https://atos.net/zh-cn/china
Cic Plus Inc,https://www.cicplus.com/
LeapFILE,https://www.leapfile.com/
"LiveRamp, Inc.",https://liveramp.com/
AndFrankly,https://www.andfrankly.com/en/
Irem Solutions Inc,https://www.iremsolutions.com/
Box,https://www.box.com/home
Lexmark,https://www.lexmark.com/en_ca.html
ADP Canada,https://www.adp.ca/en.aspx
"Homecare Homebase, LLC",https://hchb.com/
Arch Capital Group Ltd,https://www.archcapgroup.com/
Curo Compensation,https://curocomp.com/
International SOS,https://www.internationalsos.com/
"HealthcareBank, a division of Bell Bank",https://www.healthcare.bank/
LexisNexis - InterAction,https://www.interaction.com/
Bambora,https://www.bambora.com/en/ca/
Liberty Mutual Insurance,https://www.libertymutual.com/
Bomgar Corporation,https://www.beyondtrust.com/
Forum One,https://www.forumone.com/
EyeMed Vision Care,https://eyemed.com/en-us
Magellan Healthcare,https://www.magellanhealth.com/
Chatham Financial,https://www.chathamfinancial.com/
CIIC,
Concur Technologies Inc.,https://www.concur.ca/
CIBT Visas,https://cibtvisas.ca/
Cathedral Corporation,https://www.cathedralcorporation.com/index.asp
Digitas,https://www.digitas.com/en-us
Adobe Systems Inc.,https://www.adobe.com/ca/
"Citrix Systems, Inc.",https://www.citrix.com/
"Calabrio, Inc.",https://www.calabrio.com/
"IMS, Inc.",https://www.imsinc.ca/
CenturyLink,https://www.centurylink.com/
Cheshire,
GCI,https://gcicanada.com/
Bynder,https://www.bynder.com/en/
ANS Commerce,http://www.anscommerce.com/
Allsec Technologies,https://www.allsectech.com/
Medweb California LLC,https://www.medweb.com/
Interface Security Systems LLC,https://interfacesystems.com/
Business Valuation Resources Llc,https://www.bvresources.com/
LOVEN SYSTEMS LLC,
Impartner,https://www.impartner.com/
International Medical Direction,https://www.imdems.com/
CPI Card Group Inc.,https://www.cpicardgroup.com/
"Commission Junction, LLC",https://www.cj.com/
Cigna Dental,https://www.cigna.com/
Collibra,https://www.collibra.com/
IBM,https://www.ibm.com/ca-en
Hr Works Inc,https://hrworks-inc.com/
Experian Information Solutions Inc.,https://www.experian.com/corporate/about-experian
Intraworlds,https://www.intraworlds.com/
"Kronos, Inc.",https://www.kronos.ca/
Cyxtera,https://www.cyxtera.com/
"Allen & Overy, LLP",https://www.allenovery.com/en-gb/global